ecosystem,package,locked_version,dependency_kind,lockfile,osv_advisories
crates.io,adler2,2.0.1,transitive,src-tauri/Cargo.lock,
crates.io,aho-corasick,1.1.4,transitive,src-tauri/Cargo.lock,
crates.io,alloc-no-stdlib,2.0.4,transitive,src-tauri/Cargo.lock,
crates.io,alloc-stdlib,0.2.4,transitive,src-tauri/Cargo.lock,
crates.io,android_system_properties,0.1.5,transitive,src-tauri/Cargo.lock,
crates.io,anyhow,1.0.103,transitive,src-tauri/Cargo.lock,
crates.io,async-broadcast,0.7.2,transitive,src-tauri/Cargo.lock,
crates.io,async-channel,2.5.0,transitive,src-tauri/Cargo.lock,
crates.io,async-executor,1.14.0,transitive,src-tauri/Cargo.lock,
crates.io,async-io,2.6.0,transitive,src-tauri/Cargo.lock,
crates.io,async-lock,3.4.2,transitive,src-tauri/Cargo.lock,
crates.io,async-process,2.5.0,transitive,src-tauri/Cargo.lock,
crates.io,async-recursion,1.1.1,transitive,src-tauri/Cargo.lock,
crates.io,async-signal,0.2.14,transitive,src-tauri/Cargo.lock,
crates.io,async-task,4.7.1,transitive,src-tauri/Cargo.lock,
crates.io,async-trait,0.1.89,transitive,src-tauri/Cargo.lock,
crates.io,atk,0.18.2,transitive,src-tauri/Cargo.lock,
crates.io,atk-sys,0.18.2,transitive,src-tauri/Cargo.lock,
crates.io,atomic-waker,1.1.2,transitive,src-tauri/Cargo.lock,
crates.io,autocfg,1.5.0,transitive,src-tauri/Cargo.lock,
crates.io,base64,0.21.7,runtime,src-tauri/Cargo.lock,
crates.io,base64,0.22.1,runtime,src-tauri/Cargo.lock,
crates.io,base64,0.23.1,runtime,src-tauri/Cargo.lock,
crates.io,bit-set,0.8.0,transitive,src-tauri/Cargo.lock,
crates.io,bit-vec,0.8.0,transitive,src-tauri/Cargo.lock,
crates.io,bitflags,1.3.2,transitive,src-tauri/Cargo.lock,
crates.io,bitflags,2.11.1,transitive,src-tauri/Cargo.lock,
crates.io,block-buffer,0.10.4,transitive,src-tauri/Cargo.lock,
crates.io,block2,0.6.2,transitive,src-tauri/Cargo.lock,
crates.io,blocking,1.6.2,transitive,src-tauri/Cargo.lock,
crates.io,brotli,8.0.4,transitive,src-tauri/Cargo.lock,
crates.io,brotli-decompressor,5.0.3,transitive,src-tauri/Cargo.lock,
crates.io,bs58,0.5.1,transitive,src-tauri/Cargo.lock,
crates.io,bumpalo,3.20.2,transitive,src-tauri/Cargo.lock,
crates.io,bytemuck,1.25.0,transitive,src-tauri/Cargo.lock,
crates.io,byteorder,1.5.0,transitive,src-tauri/Cargo.lock,
crates.io,bytes,1.11.1,transitive,src-tauri/Cargo.lock,
crates.io,cairo-rs,0.18.5,transitive,src-tauri/Cargo.lock,
crates.io,cairo-sys-rs,0.18.2,transitive,src-tauri/Cargo.lock,
crates.io,camino,1.2.2,transitive,src-tauri/Cargo.lock,
crates.io,cargo-platform,0.1.9,transitive,src-tauri/Cargo.lock,
crates.io,cargo_metadata,0.19.2,transitive,src-tauri/Cargo.lock,
crates.io,cargo_toml,0.22.3,transitive,src-tauri/Cargo.lock,
crates.io,cc,1.2.60,transitive,src-tauri/Cargo.lock,
crates.io,cesu8,1.1.0,transitive,src-tauri/Cargo.lock,
crates.io,cfb,0.7.3,transitive,src-tauri/Cargo.lock,
crates.io,cfg-expr,0.15.8,transitive,src-tauri/Cargo.lock,
crates.io,cfg-if,1.0.4,transitive,src-tauri/Cargo.lock,
crates.io,chrono,0.4.44,transitive,src-tauri/Cargo.lock,
crates.io,combine,4.6.7,transitive,src-tauri/Cargo.lock,
crates.io,concurrent-queue,2.5.0,transitive,src-tauri/Cargo.lock,
crates.io,cookie,0.18.1,transitive,src-tauri/Cargo.lock,
crates.io,core-foundation,0.10.1,transitive,src-tauri/Cargo.lock,
crates.io,core-foundation-sys,0.8.7,transitive,src-tauri/Cargo.lock,
crates.io,core-graphics,0.25.0,transitive,src-tauri/Cargo.lock,
crates.io,core-graphics-types,0.2.0,transitive,src-tauri/Cargo.lock,
crates.io,cpufeatures,0.2.17,transitive,src-tauri/Cargo.lock,
crates.io,crc32fast,1.5.0,transitive,src-tauri/Cargo.lock,
crates.io,crossbeam-channel,0.5.15,transitive,src-tauri/Cargo.lock,
crates.io,crossbeam-utils,0.8.21,transitive,src-tauri/Cargo.lock,
crates.io,crypto-common,0.1.7,transitive,src-tauri/Cargo.lock,
crates.io,cssparser,0.36.0,transitive,src-tauri/Cargo.lock,
crates.io,cssparser-macros,0.6.1,transitive,src-tauri/Cargo.lock,
crates.io,ctor,0.8.0,transitive,src-tauri/Cargo.lock,
crates.io,ctor-proc-macro,0.0.7,transitive,src-tauri/Cargo.lock,
crates.io,darling,0.23.0,transitive,src-tauri/Cargo.lock,
crates.io,darling_core,0.23.0,transitive,src-tauri/Cargo.lock,
crates.io,darling_macro,0.23.0,transitive,src-tauri/Cargo.lock,
crates.io,dbus,0.9.11,transitive,src-tauri/Cargo.lock,
crates.io,deranged,0.5.8,transitive,src-tauri/Cargo.lock,
crates.io,derive_more,2.1.1,transitive,src-tauri/Cargo.lock,
crates.io,derive_more-impl,2.1.1,transitive,src-tauri/Cargo.lock,
crates.io,digest,0.10.7,transitive,src-tauri/Cargo.lock,
crates.io,dirs,6.0.0,transitive,src-tauri/Cargo.lock,
crates.io,dirs-sys,0.5.0,transitive,src-tauri/Cargo.lock,
crates.io,dispatch2,0.3.1,transitive,src-tauri/Cargo.lock,
crates.io,displaydoc,0.2.5,transitive,src-tauri/Cargo.lock,
crates.io,dlopen2,0.8.2,transitive,src-tauri/Cargo.lock,
crates.io,dlopen2_derive,0.4.3,transitive,src-tauri/Cargo.lock,
crates.io,dom_query,0.27.0,transitive,src-tauri/Cargo.lock,
crates.io,dpi,0.1.2,transitive,src-tauri/Cargo.lock,
crates.io,dtoa,1.0.11,transitive,src-tauri/Cargo.lock,
crates.io,dtoa-short,0.3.5,transitive,src-tauri/Cargo.lock,
crates.io,dtor,0.3.0,transitive,src-tauri/Cargo.lock,
crates.io,dtor-proc-macro,0.0.6,transitive,src-tauri/Cargo.lock,
crates.io,dunce,1.0.5,transitive,src-tauri/Cargo.lock,
crates.io,dyn-clone,1.0.20,transitive,src-tauri/Cargo.lock,
crates.io,embed-resource,3.0.8,transitive,src-tauri/Cargo.lock,
crates.io,embed_plist,1.2.2,transitive,src-tauri/Cargo.lock,
crates.io,endi,1.1.1,transitive,src-tauri/Cargo.lock,
crates.io,enumflags2,0.7.12,transitive,src-tauri/Cargo.lock,
crates.io,enumflags2_derive,0.7.12,transitive,src-tauri/Cargo.lock,
crates.io,equivalent,1.0.2,transitive,src-tauri/Cargo.lock,
crates.io,erased-serde,0.4.10,transitive,src-tauri/Cargo.lock,
crates.io,errno,0.3.14,transitive,src-tauri/Cargo.lock,
crates.io,event-listener,5.4.2,transitive,src-tauri/Cargo.lock,
crates.io,event-listener-strategy,0.5.4,transitive,src-tauri/Cargo.lock,
crates.io,fallible-iterator,0.3.0,transitive,src-tauri/Cargo.lock,
crates.io,fallible-streaming-iterator,0.1.9,transitive,src-tauri/Cargo.lock,
crates.io,fastrand,2.4.1,transitive,src-tauri/Cargo.lock,
crates.io,fdeflate,0.3.7,transitive,src-tauri/Cargo.lock,
crates.io,field-offset,0.3.6,transitive,src-tauri/Cargo.lock,
crates.io,find-msvc-tools,0.1.9,transitive,src-tauri/Cargo.lock,
crates.io,flate2,1.1.9,transitive,src-tauri/Cargo.lock,
crates.io,fnv,1.0.7,transitive,src-tauri/Cargo.lock,
crates.io,foldhash,0.1.5,transitive,src-tauri/Cargo.lock,
crates.io,foldhash,0.2.0,transitive,src-tauri/Cargo.lock,
crates.io,foreign-types,0.5.0,transitive,src-tauri/Cargo.lock,
crates.io,foreign-types-macros,0.2.3,transitive,src-tauri/Cargo.lock,
crates.io,foreign-types-shared,0.3.1,transitive,src-tauri/Cargo.lock,
crates.io,form_urlencoded,1.2.2,transitive,src-tauri/Cargo.lock,
crates.io,futures-channel,0.3.32,transitive,src-tauri/Cargo.lock,
crates.io,futures-core,0.3.32,transitive,src-tauri/Cargo.lock,
crates.io,futures-executor,0.3.32,transitive,src-tauri/Cargo.lock,
crates.io,futures-io,0.3.32,transitive,src-tauri/Cargo.lock,
crates.io,futures-lite,2.6.1,transitive,src-tauri/Cargo.lock,
crates.io,futures-macro,0.3.32,transitive,src-tauri/Cargo.lock,
crates.io,futures-sink,0.3.32,transitive,src-tauri/Cargo.lock,
crates.io,futures-task,0.3.32,transitive,src-tauri/Cargo.lock,
crates.io,futures-util,0.3.32,transitive,src-tauri/Cargo.lock,
crates.io,gdk,0.18.2,transitive,src-tauri/Cargo.lock,
crates.io,gdk-pixbuf,0.18.5,transitive,src-tauri/Cargo.lock,
crates.io,gdk-pixbuf-sys,0.18.0,transitive,src-tauri/Cargo.lock,
crates.io,gdk-sys,0.18.2,transitive,src-tauri/Cargo.lock,
crates.io,gdkwayland-sys,0.18.2,transitive,src-tauri/Cargo.lock,
crates.io,gdkx11,0.18.2,transitive,src-tauri/Cargo.lock,
crates.io,gdkx11-sys,0.18.2,transitive,src-tauri/Cargo.lock,
crates.io,generic-array,0.14.7,transitive,src-tauri/Cargo.lock,
crates.io,getrandom,0.2.17,transitive,src-tauri/Cargo.lock,
crates.io,getrandom,0.3.4,transitive,src-tauri/Cargo.lock,
crates.io,getrandom,0.4.2,transitive,src-tauri/Cargo.lock,
crates.io,gio,0.18.4,transitive,src-tauri/Cargo.lock,
crates.io,gio-sys,0.18.1,transitive,src-tauri/Cargo.lock,
crates.io,glib,0.18.5,transitive,src-tauri/Cargo.lock,GHSA-wrw7-89jp-8q8g;RUSTSEC-2024-0429
crates.io,glib-macros,0.18.5,transitive,src-tauri/Cargo.lock,
crates.io,glib-sys,0.18.1,transitive,src-tauri/Cargo.lock,
crates.io,glob,0.3.3,transitive,src-tauri/Cargo.lock,
crates.io,gobject-sys,0.18.0,transitive,src-tauri/Cargo.lock,
crates.io,gtk,0.18.2,transitive,src-tauri/Cargo.lock,
crates.io,gtk-sys,0.18.2,transitive,src-tauri/Cargo.lock,
crates.io,gtk3-macros,0.18.2,transitive,src-tauri/Cargo.lock,
crates.io,hashbrown,0.12.3,transitive,src-tauri/Cargo.lock,
crates.io,hashbrown,0.15.5,transitive,src-tauri/Cargo.lock,
crates.io,hashbrown,0.16.1,transitive,src-tauri/Cargo.lock,
crates.io,hashbrown,0.17.0,transitive,src-tauri/Cargo.lock,
crates.io,hashlink,0.12.2,transitive,src-tauri/Cargo.lock,
crates.io,heck,0.4.1,transitive,src-tauri/Cargo.lock,
crates.io,heck,0.5.0,transitive,src-tauri/Cargo.lock,
crates.io,hermit-abi,0.5.2,transitive,src-tauri/Cargo.lock,
crates.io,hex,0.4.3,transitive,src-tauri/Cargo.lock,
crates.io,html5ever,0.38.0,transitive,src-tauri/Cargo.lock,
crates.io,http,1.4.0,transitive,src-tauri/Cargo.lock,
crates.io,http-body,1.0.1,transitive,src-tauri/Cargo.lock,
crates.io,http-body-util,0.1.3,transitive,src-tauri/Cargo.lock,
crates.io,httparse,1.10.1,transitive,src-tauri/Cargo.lock,
crates.io,hyper,1.9.0,transitive,src-tauri/Cargo.lock,
crates.io,hyper-util,0.1.20,transitive,src-tauri/Cargo.lock,
crates.io,iana-time-zone,0.1.65,transitive,src-tauri/Cargo.lock,
crates.io,iana-time-zone-haiku,0.1.2,transitive,src-tauri/Cargo.lock,
crates.io,ico,0.5.0,transitive,src-tauri/Cargo.lock,
crates.io,icu_collections,2.2.0,transitive,src-tauri/Cargo.lock,
crates.io,icu_locale_core,2.2.0,transitive,src-tauri/Cargo.lock,
crates.io,icu_normalizer,2.2.0,transitive,src-tauri/Cargo.lock,
crates.io,icu_normalizer_data,2.2.0,transitive,src-tauri/Cargo.lock,
crates.io,icu_properties,2.2.0,transitive,src-tauri/Cargo.lock,
crates.io,icu_properties_data,2.2.0,transitive,src-tauri/Cargo.lock,
crates.io,icu_provider,2.2.0,transitive,src-tauri/Cargo.lock,
crates.io,id-arena,2.3.0,transitive,src-tauri/Cargo.lock,
crates.io,ident_case,1.0.1,transitive,src-tauri/Cargo.lock,
crates.io,idna,1.1.0,transitive,src-tauri/Cargo.lock,
crates.io,idna_adapter,1.2.1,transitive,src-tauri/Cargo.lock,
crates.io,indexmap,1.9.3,transitive,src-tauri/Cargo.lock,
crates.io,indexmap,2.14.0,transitive,src-tauri/Cargo.lock,
crates.io,infer,0.19.0,transitive,src-tauri/Cargo.lock,
crates.io,ipnet,2.12.0,transitive,src-tauri/Cargo.lock,
crates.io,iri-string,0.7.10,transitive,src-tauri/Cargo.lock,
crates.io,is-docker,0.2.0,transitive,src-tauri/Cargo.lock,
crates.io,is-wsl,0.4.0,transitive,src-tauri/Cargo.lock,
crates.io,itoa,1.0.18,transitive,src-tauri/Cargo.lock,
crates.io,javascriptcore-rs,1.1.2,transitive,src-tauri/Cargo.lock,
crates.io,javascriptcore-rs-sys,1.1.1,transitive,src-tauri/Cargo.lock,
crates.io,jni,0.21.1,transitive,src-tauri/Cargo.lock,
crates.io,jni-sys,0.3.1,transitive,src-tauri/Cargo.lock,
crates.io,jni-sys,0.4.1,transitive,src-tauri/Cargo.lock,
crates.io,jni-sys-macros,0.4.1,transitive,src-tauri/Cargo.lock,
crates.io,js-sys,0.3.91,transitive,src-tauri/Cargo.lock,
crates.io,json-patch,3.0.1,transitive,src-tauri/Cargo.lock,
crates.io,jsonptr,0.6.3,transitive,src-tauri/Cargo.lock,
crates.io,keyboard-types,0.7.0,transitive,src-tauri/Cargo.lock,
crates.io,leb128fmt,0.1.0,transitive,src-tauri/Cargo.lock,
crates.io,libappindicator,0.9.0,transitive,src-tauri/Cargo.lock,
crates.io,libappindicator-sys,0.9.0,transitive,src-tauri/Cargo.lock,
crates.io,libc,0.2.185,transitive,src-tauri/Cargo.lock,
crates.io,libdbus-sys,0.2.7,transitive,src-tauri/Cargo.lock,
crates.io,libloading,0.7.4,transitive,src-tauri/Cargo.lock,
crates.io,libredox,0.1.16,transitive,src-tauri/Cargo.lock,
crates.io,libsqlite3-sys,0.38.2,transitive,src-tauri/Cargo.lock,
crates.io,linux-raw-sys,0.12.1,transitive,src-tauri/Cargo.lock,
crates.io,litemap,0.8.2,transitive,src-tauri/Cargo.lock,
crates.io,lock_api,0.4.14,transitive,src-tauri/Cargo.lock,
crates.io,log,0.4.29,transitive,src-tauri/Cargo.lock,
crates.io,markup5ever,0.38.0,transitive,src-tauri/Cargo.lock,
crates.io,memchr,2.8.0,transitive,src-tauri/Cargo.lock,
crates.io,memoffset,0.9.1,transitive,src-tauri/Cargo.lock,
crates.io,mime,0.3.17,transitive,src-tauri/Cargo.lock,
crates.io,miniz_oxide,0.8.9,transitive,src-tauri/Cargo.lock,
crates.io,mio,1.2.0,transitive,src-tauri/Cargo.lock,
crates.io,muda,0.19.1,transitive,src-tauri/Cargo.lock,
crates.io,ndk,0.9.0,transitive,src-tauri/Cargo.lock,
crates.io,ndk-sys,0.6.0+11769913,transitive,src-tauri/Cargo.lock,
crates.io,new_debug_unreachable,1.0.6,transitive,src-tauri/Cargo.lock,
crates.io,num-conv,0.2.1,transitive,src-tauri/Cargo.lock,
crates.io,num-traits,0.2.19,transitive,src-tauri/Cargo.lock,
crates.io,num_enum,0.7.5,transitive,src-tauri/Cargo.lock,
crates.io,num_enum_derive,0.7.5,transitive,src-tauri/Cargo.lock,
crates.io,objc2,0.6.4,transitive,src-tauri/Cargo.lock,
crates.io,objc2-app-kit,0.3.2,transitive,src-tauri/Cargo.lock,
crates.io,objc2-cloud-kit,0.3.2,transitive,src-tauri/Cargo.lock,
crates.io,objc2-core-data,0.3.2,transitive,src-tauri/Cargo.lock,
crates.io,objc2-core-foundation,0.3.2,transitive,src-tauri/Cargo.lock,
crates.io,objc2-core-graphics,0.3.2,transitive,src-tauri/Cargo.lock,
crates.io,objc2-core-image,0.3.2,transitive,src-tauri/Cargo.lock,
crates.io,objc2-core-location,0.3.2,transitive,src-tauri/Cargo.lock,
crates.io,objc2-core-text,0.3.2,transitive,src-tauri/Cargo.lock,
crates.io,objc2-encode,4.1.0,transitive,src-tauri/Cargo.lock,
crates.io,objc2-exception-helper,0.1.1,transitive,src-tauri/Cargo.lock,
crates.io,objc2-foundation,0.3.2,transitive,src-tauri/Cargo.lock,
crates.io,objc2-io-surface,0.3.2,transitive,src-tauri/Cargo.lock,
crates.io,objc2-quartz-core,0.3.2,transitive,src-tauri/Cargo.lock,
crates.io,objc2-ui-kit,0.3.2,transitive,src-tauri/Cargo.lock,
crates.io,objc2-user-notifications,0.3.2,transitive,src-tauri/Cargo.lock,
crates.io,objc2-web-kit,0.3.2,transitive,src-tauri/Cargo.lock,
crates.io,once_cell,1.21.4,transitive,src-tauri/Cargo.lock,
crates.io,open,5.3.3,transitive,src-tauri/Cargo.lock,
crates.io,option-ext,0.2.0,transitive,src-tauri/Cargo.lock,
crates.io,ordered-stream,0.2.0,transitive,src-tauri/Cargo.lock,
crates.io,pango,0.18.3,transitive,src-tauri/Cargo.lock,
crates.io,pango-sys,0.18.0,transitive,src-tauri/Cargo.lock,
crates.io,parking,2.2.1,transitive,src-tauri/Cargo.lock,
crates.io,parking_lot,0.12.5,transitive,src-tauri/Cargo.lock,
crates.io,parking_lot_core,0.9.12,transitive,src-tauri/Cargo.lock,
crates.io,pathdiff,0.2.3,transitive,src-tauri/Cargo.lock,
crates.io,percent-encoding,2.3.2,transitive,src-tauri/Cargo.lock,
crates.io,phf,0.13.1,transitive,src-tauri/Cargo.lock,
crates.io,phf_codegen,0.13.1,transitive,src-tauri/Cargo.lock,
crates.io,phf_generator,0.13.1,transitive,src-tauri/Cargo.lock,
crates.io,phf_macros,0.13.1,transitive,src-tauri/Cargo.lock,
crates.io,phf_shared,0.13.1,transitive,src-tauri/Cargo.lock,
crates.io,pin-project-lite,0.2.17,transitive,src-tauri/Cargo.lock,
crates.io,piper,0.2.5,transitive,src-tauri/Cargo.lock,
crates.io,pkg-config,0.3.33,transitive,src-tauri/Cargo.lock,
crates.io,plist,1.10.1,transitive,src-tauri/Cargo.lock,
crates.io,png,0.17.16,transitive,src-tauri/Cargo.lock,
crates.io,png,0.18.1,transitive,src-tauri/Cargo.lock,
crates.io,polling,3.11.0,transitive,src-tauri/Cargo.lock,
crates.io,potential_utf,0.1.5,transitive,src-tauri/Cargo.lock,
crates.io,powerfmt,0.2.0,transitive,src-tauri/Cargo.lock,
crates.io,precomputed-hash,0.1.1,transitive,src-tauri/Cargo.lock,
crates.io,prettyplease,0.2.37,transitive,src-tauri/Cargo.lock,
crates.io,proc-macro-crate,1.3.1,transitive,src-tauri/Cargo.lock,
crates.io,proc-macro-crate,2.0.2,transitive,src-tauri/Cargo.lock,
crates.io,proc-macro-crate,3.4.0,transitive,src-tauri/Cargo.lock,
crates.io,proc-macro-error,1.0.4,transitive,src-tauri/Cargo.lock,RUSTSEC-2024-0370
crates.io,proc-macro-error-attr,1.0.4,transitive,src-tauri/Cargo.lock,
crates.io,proc-macro2,1.0.106,transitive,src-tauri/Cargo.lock,
crates.io,quick-xml,0.42.0,transitive,src-tauri/Cargo.lock,
crates.io,quote,1.0.45,transitive,src-tauri/Cargo.lock,
crates.io,r-efi,5.3.0,transitive,src-tauri/Cargo.lock,
crates.io,r-efi,6.0.0,transitive,src-tauri/Cargo.lock,
crates.io,raw-window-handle,0.6.2,transitive,src-tauri/Cargo.lock,
crates.io,redox_syscall,0.5.18,transitive,src-tauri/Cargo.lock,
crates.io,redox_users,0.5.2,transitive,src-tauri/Cargo.lock,
crates.io,ref-cast,1.0.25,transitive,src-tauri/Cargo.lock,
crates.io,ref-cast-impl,1.0.25,transitive,src-tauri/Cargo.lock,
crates.io,regex,1.12.3,transitive,src-tauri/Cargo.lock,
crates.io,regex-automata,0.4.14,transitive,src-tauri/Cargo.lock,
crates.io,regex-syntax,0.8.10,transitive,src-tauri/Cargo.lock,
crates.io,reqwest,0.13.2,transitive,src-tauri/Cargo.lock,
crates.io,rfd,0.16.0,transitive,src-tauri/Cargo.lock,
crates.io,rsqlite-vfs,0.1.1,transitive,src-tauri/Cargo.lock,
crates.io,rusqlite,0.40.2,runtime,src-tauri/Cargo.lock,
crates.io,rustc-hash,2.1.2,transitive,src-tauri/Cargo.lock,
crates.io,rustc_version,0.4.1,transitive,src-tauri/Cargo.lock,
crates.io,rustix,1.1.4,transitive,src-tauri/Cargo.lock,
crates.io,rustversion,1.0.22,transitive,src-tauri/Cargo.lock,
crates.io,same-file,1.0.6,transitive,src-tauri/Cargo.lock,
crates.io,schemars,0.8.22,transitive,src-tauri/Cargo.lock,
crates.io,schemars,0.9.0,transitive,src-tauri/Cargo.lock,
crates.io,schemars,1.2.1,transitive,src-tauri/Cargo.lock,
crates.io,schemars_derive,0.8.22,transitive,src-tauri/Cargo.lock,
crates.io,scopeguard,1.2.0,transitive,src-tauri/Cargo.lock,
crates.io,selectors,0.36.1,transitive,src-tauri/Cargo.lock,
crates.io,semver,1.0.28,transitive,src-tauri/Cargo.lock,
crates.io,serde,1.0.228,runtime,src-tauri/Cargo.lock,
crates.io,serde-untagged,0.1.9,transitive,src-tauri/Cargo.lock,
crates.io,serde_core,1.0.228,transitive,src-tauri/Cargo.lock,
crates.io,serde_derive,1.0.228,transitive,src-tauri/Cargo.lock,
crates.io,serde_derive_internals,0.29.1,transitive,src-tauri/Cargo.lock,
crates.io,serde_json,1.0.149,runtime,src-tauri/Cargo.lock,
crates.io,serde_repr,0.1.20,transitive,src-tauri/Cargo.lock,
crates.io,serde_spanned,0.6.9,transitive,src-tauri/Cargo.lock,
crates.io,serde_spanned,1.1.1,transitive,src-tauri/Cargo.lock,
crates.io,serde_with,3.21.0,transitive,src-tauri/Cargo.lock,
crates.io,serde_with_macros,3.21.0,transitive,src-tauri/Cargo.lock,
crates.io,serialize-to-javascript,0.1.2,transitive,src-tauri/Cargo.lock,
crates.io,serialize-to-javascript-impl,0.1.2,transitive,src-tauri/Cargo.lock,
crates.io,servo_arc,0.4.3,transitive,src-tauri/Cargo.lock,
crates.io,sha2,0.10.9,transitive,src-tauri/Cargo.lock,
crates.io,shlex,1.3.0,transitive,src-tauri/Cargo.lock,
crates.io,signal-hook-registry,1.4.8,transitive,src-tauri/Cargo.lock,
crates.io,simd-adler32,0.3.9,transitive,src-tauri/Cargo.lock,
crates.io,siphasher,1.0.2,transitive,src-tauri/Cargo.lock,
crates.io,slab,0.4.12,transitive,src-tauri/Cargo.lock,
crates.io,smallvec,1.15.1,transitive,src-tauri/Cargo.lock,
crates.io,socket2,0.6.3,transitive,src-tauri/Cargo.lock,
crates.io,softbuffer,0.4.8,transitive,src-tauri/Cargo.lock,
crates.io,soup3,0.5.0,transitive,src-tauri/Cargo.lock,
crates.io,soup3-sys,0.5.0,transitive,src-tauri/Cargo.lock,
crates.io,sqlite-wasm-rs,0.5.5,transitive,src-tauri/Cargo.lock,
crates.io,stable_deref_trait,1.2.1,transitive,src-tauri/Cargo.lock,
crates.io,string_cache,0.9.0,transitive,src-tauri/Cargo.lock,
crates.io,string_cache_codegen,0.6.1,transitive,src-tauri/Cargo.lock,
crates.io,strsim,0.11.1,transitive,src-tauri/Cargo.lock,
crates.io,swift-rs,1.0.8,transitive,src-tauri/Cargo.lock,
crates.io,syn,1.0.109,transitive,src-tauri/Cargo.lock,
crates.io,syn,2.0.117,transitive,src-tauri/Cargo.lock,
crates.io,sync_wrapper,1.0.2,transitive,src-tauri/Cargo.lock,
crates.io,synstructure,0.13.2,transitive,src-tauri/Cargo.lock,
crates.io,system-deps,6.2.2,transitive,src-tauri/Cargo.lock,
crates.io,tao,0.35.3,transitive,src-tauri/Cargo.lock,
crates.io,tao-macros,0.1.4,transitive,src-tauri/Cargo.lock,
crates.io,target-lexicon,0.12.16,transitive,src-tauri/Cargo.lock,
crates.io,tauri,2.11.6,runtime,src-tauri/Cargo.lock,
crates.io,tauri-build,2.6.3,build,src-tauri/Cargo.lock,
crates.io,tauri-codegen,2.6.3,transitive,src-tauri/Cargo.lock,
crates.io,tauri-macros,2.6.3,transitive,src-tauri/Cargo.lock,
crates.io,tauri-plugin,2.6.1,transitive,src-tauri/Cargo.lock,
crates.io,tauri-plugin-dialog,2.7.0,runtime,src-tauri/Cargo.lock,
crates.io,tauri-plugin-fs,2.5.0,transitive,src-tauri/Cargo.lock,
crates.io,tauri-plugin-opener,2.5.4,runtime,src-tauri/Cargo.lock,
crates.io,tauri-runtime,2.11.3,transitive,src-tauri/Cargo.lock,
crates.io,tauri-runtime-wry,2.11.4,transitive,src-tauri/Cargo.lock,
crates.io,tauri-utils,2.9.3,transitive,src-tauri/Cargo.lock,
crates.io,tauri-winres,0.3.5,transitive,src-tauri/Cargo.lock,
crates.io,tempfile,3.27.0,runtime,src-tauri/Cargo.lock,
crates.io,tendril,0.5.0,transitive,src-tauri/Cargo.lock,
crates.io,thiserror,1.0.69,transitive,src-tauri/Cargo.lock,
crates.io,thiserror,2.0.18,transitive,src-tauri/Cargo.lock,
crates.io,thiserror-impl,1.0.69,transitive,src-tauri/Cargo.lock,
crates.io,thiserror-impl,2.0.18,transitive,src-tauri/Cargo.lock,
crates.io,time,0.3.47,transitive,src-tauri/Cargo.lock,
crates.io,time-core,0.1.8,transitive,src-tauri/Cargo.lock,
crates.io,time-macros,0.2.27,transitive,src-tauri/Cargo.lock,
crates.io,tinystr,0.8.3,transitive,src-tauri/Cargo.lock,
crates.io,tinyvec,1.13.2,transitive,src-tauri/Cargo.lock,
crates.io,tinyvec_macros,0.1.1,transitive,src-tauri/Cargo.lock,
crates.io,tokio,1.52.0,transitive,src-tauri/Cargo.lock,
crates.io,tokio-util,0.7.18,transitive,src-tauri/Cargo.lock,
crates.io,toml,0.8.2,transitive,src-tauri/Cargo.lock,
crates.io,toml,0.9.12+spec-1.1.0,transitive,src-tauri/Cargo.lock,
crates.io,toml_datetime,0.6.3,transitive,src-tauri/Cargo.lock,
crates.io,toml_datetime,0.7.5+spec-1.1.0,transitive,src-tauri/Cargo.lock,
crates.io,toml_edit,0.19.15,transitive,src-tauri/Cargo.lock,
crates.io,toml_edit,0.20.2,transitive,src-tauri/Cargo.lock,
crates.io,toml_edit,0.23.10+spec-1.0.0,transitive,src-tauri/Cargo.lock,
crates.io,toml_parser,1.1.3+spec-1.1.0,transitive,src-tauri/Cargo.lock,
crates.io,toml_writer,1.1.2+spec-1.1.0,transitive,src-tauri/Cargo.lock,
crates.io,tower,0.5.3,transitive,src-tauri/Cargo.lock,
crates.io,tower-http,0.6.8,transitive,src-tauri/Cargo.lock,
crates.io,tower-layer,0.3.3,transitive,src-tauri/Cargo.lock,
crates.io,tower-service,0.3.3,transitive,src-tauri/Cargo.lock,
crates.io,tracing,0.1.44,transitive,src-tauri/Cargo.lock,
crates.io,tracing-attributes,0.1.31,transitive,src-tauri/Cargo.lock,
crates.io,tracing-core,0.1.36,transitive,src-tauri/Cargo.lock,
crates.io,tray-icon,0.24.2,transitive,src-tauri/Cargo.lock,
crates.io,try-lock,0.2.5,transitive,src-tauri/Cargo.lock,
crates.io,typeid,1.0.3,transitive,src-tauri/Cargo.lock,
crates.io,typenum,1.19.0,transitive,src-tauri/Cargo.lock,
crates.io,uds_windows,1.2.1,transitive,src-tauri/Cargo.lock,
crates.io,unic-char-property,0.9.0,transitive,src-tauri/Cargo.lock,RUSTSEC-2025-0081
crates.io,unic-char-range,0.9.0,transitive,src-tauri/Cargo.lock,RUSTSEC-2025-0075
crates.io,unic-common,0.9.0,transitive,src-tauri/Cargo.lock,RUSTSEC-2025-0080
crates.io,unic-ucd-ident,0.9.0,transitive,src-tauri/Cargo.lock,RUSTSEC-2025-0100
crates.io,unic-ucd-version,0.9.0,transitive,src-tauri/Cargo.lock,RUSTSEC-2025-0098
crates.io,unicode-ident,1.0.24,transitive,src-tauri/Cargo.lock,
crates.io,unicode-segmentation,1.13.2,transitive,src-tauri/Cargo.lock,
crates.io,unicode-xid,0.2.6,transitive,src-tauri/Cargo.lock,
crates.io,url,2.5.8,transitive,src-tauri/Cargo.lock,
crates.io,urlpattern,0.3.0,transitive,src-tauri/Cargo.lock,
crates.io,utf-8,0.7.6,transitive,src-tauri/Cargo.lock,
crates.io,utf8_iter,1.0.4,transitive,src-tauri/Cargo.lock,
crates.io,uuid,1.23.1,transitive,src-tauri/Cargo.lock,
crates.io,vcpkg,0.2.15,transitive,src-tauri/Cargo.lock,
crates.io,version-compare,0.2.1,transitive,src-tauri/Cargo.lock,
crates.io,version_check,0.9.5,transitive,src-tauri/Cargo.lock,
crates.io,vswhom,0.1.0,transitive,src-tauri/Cargo.lock,
crates.io,vswhom-sys,0.1.3,transitive,src-tauri/Cargo.lock,
crates.io,walkdir,2.5.0,transitive,src-tauri/Cargo.lock,
crates.io,want,0.3.1,transitive,src-tauri/Cargo.lock,
crates.io,wasi,0.11.1+wasi-snapshot-preview1,transitive,src-tauri/Cargo.lock,
crates.io,wasip2,1.0.2+wasi-0.2.9,transitive,src-tauri/Cargo.lock,
crates.io,wasip3,0.4.0+wasi-0.3.0-rc-2026-01-06,transitive,src-tauri/Cargo.lock,
crates.io,wasm-bindgen,0.2.114,transitive,src-tauri/Cargo.lock,
crates.io,wasm-bindgen-futures,0.4.64,transitive,src-tauri/Cargo.lock,
crates.io,wasm-bindgen-macro,0.2.114,transitive,src-tauri/Cargo.lock,
crates.io,wasm-bindgen-macro-support,0.2.114,transitive,src-tauri/Cargo.lock,
crates.io,wasm-bindgen-shared,0.2.114,transitive,src-tauri/Cargo.lock,
crates.io,wasm-encoder,0.244.0,transitive,src-tauri/Cargo.lock,
crates.io,wasm-metadata,0.244.0,transitive,src-tauri/Cargo.lock,
crates.io,wasm-streams,0.5.0,transitive,src-tauri/Cargo.lock,
crates.io,wasmparser,0.244.0,transitive,src-tauri/Cargo.lock,
crates.io,web-sys,0.3.91,transitive,src-tauri/Cargo.lock,
crates.io,web_atoms,0.2.4,transitive,src-tauri/Cargo.lock,
crates.io,webkit2gtk,2.0.2,transitive,src-tauri/Cargo.lock,
crates.io,webkit2gtk-sys,2.0.2,transitive,src-tauri/Cargo.lock,
crates.io,webview2-com,0.38.2,transitive,src-tauri/Cargo.lock,
crates.io,webview2-com-macros,0.8.1,transitive,src-tauri/Cargo.lock,
crates.io,webview2-com-sys,0.38.2,transitive,src-tauri/Cargo.lock,
crates.io,winapi,0.3.9,transitive,src-tauri/Cargo.lock,
crates.io,winapi-i686-pc-windows-gnu,0.4.0,transitive,src-tauri/Cargo.lock,
crates.io,winapi-util,0.1.11,transitive,src-tauri/Cargo.lock,
crates.io,winapi-x86_64-pc-windows-gnu,0.4.0,transitive,src-tauri/Cargo.lock,
crates.io,window-vibrancy,0.6.0,transitive,src-tauri/Cargo.lock,
crates.io,windows,0.61.3,transitive,src-tauri/Cargo.lock,
crates.io,windows-collections,0.2.0,transitive,src-tauri/Cargo.lock,
crates.io,windows-core,0.61.2,transitive,src-tauri/Cargo.lock,
crates.io,windows-future,0.2.1,transitive,src-tauri/Cargo.lock,
crates.io,windows-implement,0.60.2,transitive,src-tauri/Cargo.lock,
crates.io,windows-interface,0.59.3,transitive,src-tauri/Cargo.lock,
crates.io,windows-link,0.1.3,transitive,src-tauri/Cargo.lock,
crates.io,windows-link,0.2.1,transitive,src-tauri/Cargo.lock,
crates.io,windows-numerics,0.2.0,transitive,src-tauri/Cargo.lock,
crates.io,windows-result,0.3.4,transitive,src-tauri/Cargo.lock,
crates.io,windows-strings,0.4.2,transitive,src-tauri/Cargo.lock,
crates.io,windows-sys,0.45.0,transitive,src-tauri/Cargo.lock,
crates.io,windows-sys,0.59.0,transitive,src-tauri/Cargo.lock,
crates.io,windows-sys,0.60.2,transitive,src-tauri/Cargo.lock,
crates.io,windows-sys,0.61.2,transitive,src-tauri/Cargo.lock,
crates.io,windows-targets,0.42.2,transitive,src-tauri/Cargo.lock,
crates.io,windows-targets,0.52.6,transitive,src-tauri/Cargo.lock,
crates.io,windows-targets,0.53.5,transitive,src-tauri/Cargo.lock,
crates.io,windows-threading,0.1.0,transitive,src-tauri/Cargo.lock,
crates.io,windows-version,0.1.7,transitive,src-tauri/Cargo.lock,
crates.io,windows_aarch64_gnullvm,0.42.2,transitive,src-tauri/Cargo.lock,
crates.io,windows_aarch64_gnullvm,0.52.6,transitive,src-tauri/Cargo.lock,
crates.io,windows_aarch64_gnullvm,0.53.1,transitive,src-tauri/Cargo.lock,
crates.io,windows_aarch64_msvc,0.42.2,transitive,src-tauri/Cargo.lock,
crates.io,windows_aarch64_msvc,0.52.6,transitive,src-tauri/Cargo.lock,
crates.io,windows_aarch64_msvc,0.53.1,transitive,src-tauri/Cargo.lock,
crates.io,windows_i686_gnu,0.42.2,transitive,src-tauri/Cargo.lock,
crates.io,windows_i686_gnu,0.52.6,transitive,src-tauri/Cargo.lock,
crates.io,windows_i686_gnu,0.53.1,transitive,src-tauri/Cargo.lock,
crates.io,windows_i686_gnullvm,0.52.6,transitive,src-tauri/Cargo.lock,
crates.io,windows_i686_gnullvm,0.53.1,transitive,src-tauri/Cargo.lock,
crates.io,windows_i686_msvc,0.42.2,transitive,src-tauri/Cargo.lock,
crates.io,windows_i686_msvc,0.52.6,transitive,src-tauri/Cargo.lock,
crates.io,windows_i686_msvc,0.53.1,transitive,src-tauri/Cargo.lock,
crates.io,windows_x86_64_gnu,0.42.2,transitive,src-tauri/Cargo.lock,
crates.io,windows_x86_64_gnu,0.52.6,transitive,src-tauri/Cargo.lock,
crates.io,windows_x86_64_gnu,0.53.1,transitive,src-tauri/Cargo.lock,
crates.io,windows_x86_64_gnullvm,0.42.2,transitive,src-tauri/Cargo.lock,
crates.io,windows_x86_64_gnullvm,0.52.6,transitive,src-tauri/Cargo.lock,
crates.io,windows_x86_64_gnullvm,0.53.1,transitive,src-tauri/Cargo.lock,
crates.io,windows_x86_64_msvc,0.42.2,transitive,src-tauri/Cargo.lock,
crates.io,windows_x86_64_msvc,0.52.6,transitive,src-tauri/Cargo.lock,
crates.io,windows_x86_64_msvc,0.53.1,transitive,src-tauri/Cargo.lock,
crates.io,winnow,0.5.40,transitive,src-tauri/Cargo.lock,
crates.io,winnow,0.7.15,transitive,src-tauri/Cargo.lock,
crates.io,winnow,1.0.1,transitive,src-tauri/Cargo.lock,
crates.io,winreg,0.55.0,transitive,src-tauri/Cargo.lock,
crates.io,wit-bindgen,0.51.0,transitive,src-tauri/Cargo.lock,
crates.io,wit-bindgen-core,0.51.0,transitive,src-tauri/Cargo.lock,
crates.io,wit-bindgen-rust,0.51.0,transitive,src-tauri/Cargo.lock,
crates.io,wit-bindgen-rust-macro,0.51.0,transitive,src-tauri/Cargo.lock,
crates.io,wit-component,0.244.0,transitive,src-tauri/Cargo.lock,
crates.io,wit-parser,0.244.0,transitive,src-tauri/Cargo.lock,
crates.io,writeable,0.6.3,transitive,src-tauri/Cargo.lock,
crates.io,wry,0.55.1,transitive,src-tauri/Cargo.lock,
crates.io,x11,2.21.0,transitive,src-tauri/Cargo.lock,
crates.io,x11-dl,2.21.0,transitive,src-tauri/Cargo.lock,
crates.io,yoke,0.8.2,transitive,src-tauri/Cargo.lock,
crates.io,yoke-derive,0.8.2,transitive,src-tauri/Cargo.lock,
crates.io,zbus,5.14.0,transitive,src-tauri/Cargo.lock,
crates.io,zbus_macros,5.14.0,transitive,src-tauri/Cargo.lock,
crates.io,zbus_names,4.3.1,transitive,src-tauri/Cargo.lock,
crates.io,zerofrom,0.1.7,transitive,src-tauri/Cargo.lock,
crates.io,zerofrom-derive,0.1.7,transitive,src-tauri/Cargo.lock,
crates.io,zerotrie,0.2.4,transitive,src-tauri/Cargo.lock,
crates.io,zerovec,0.11.6,transitive,src-tauri/Cargo.lock,
crates.io,zerovec-derive,0.11.3,transitive,src-tauri/Cargo.lock,
crates.io,zmij,1.0.21,transitive,src-tauri/Cargo.lock,
crates.io,zvariant,5.10.0,transitive,src-tauri/Cargo.lock,
crates.io,zvariant_derive,5.10.0,transitive,src-tauri/Cargo.lock,
crates.io,zvariant_utils,3.3.0,transitive,src-tauri/Cargo.lock,
npm,@babel/helper-string-parser,7.27.1,transitive,pnpm-lock.yaml,
npm,@babel/helper-validator-identifier,7.28.5,transitive,pnpm-lock.yaml,
npm,@babel/parser,7.29.2,transitive,pnpm-lock.yaml,
npm,@babel/types,7.29.0,transitive,pnpm-lock.yaml,
npm,@esbuild/aix-ppc64,0.25.12,transitive,pnpm-lock.yaml,
npm,@esbuild/android-arm,0.25.12,transitive,pnpm-lock.yaml,
npm,@esbuild/android-arm64,0.25.12,transitive,pnpm-lock.yaml,
npm,@esbuild/android-x64,0.25.12,transitive,pnpm-lock.yaml,
npm,@esbuild/darwin-arm64,0.25.12,transitive,pnpm-lock.yaml,
npm,@esbuild/darwin-x64,0.25.12,transitive,pnpm-lock.yaml,
npm,@esbuild/freebsd-arm64,0.25.12,transitive,pnpm-lock.yaml,
npm,@esbuild/freebsd-x64,0.25.12,transitive,pnpm-lock.yaml,
npm,@esbuild/linux-arm,0.25.12,transitive,pnpm-lock.yaml,
npm,@esbuild/linux-arm64,0.25.12,transitive,pnpm-lock.yaml,
npm,@esbuild/linux-ia32,0.25.12,transitive,pnpm-lock.yaml,
npm,@esbuild/linux-loong64,0.25.12,transitive,pnpm-lock.yaml,
npm,@esbuild/linux-mips64el,0.25.12,transitive,pnpm-lock.yaml,
npm,@esbuild/linux-ppc64,0.25.12,transitive,pnpm-lock.yaml,
npm,@esbuild/linux-riscv64,0.25.12,transitive,pnpm-lock.yaml,
npm,@esbuild/linux-s390x,0.25.12,transitive,pnpm-lock.yaml,
npm,@esbuild/linux-x64,0.25.12,transitive,pnpm-lock.yaml,
npm,@esbuild/netbsd-arm64,0.25.12,transitive,pnpm-lock.yaml,
npm,@esbuild/netbsd-x64,0.25.12,transitive,pnpm-lock.yaml,
npm,@esbuild/openbsd-arm64,0.25.12,transitive,pnpm-lock.yaml,
npm,@esbuild/openbsd-x64,0.25.12,transitive,pnpm-lock.yaml,
npm,@esbuild/openharmony-arm64,0.25.12,transitive,pnpm-lock.yaml,
npm,@esbuild/sunos-x64,0.25.12,transitive,pnpm-lock.yaml,
npm,@esbuild/win32-arm64,0.25.12,transitive,pnpm-lock.yaml,
npm,@esbuild/win32-ia32,0.25.12,transitive,pnpm-lock.yaml,
npm,@esbuild/win32-x64,0.25.12,transitive,pnpm-lock.yaml,
npm,@jridgewell/sourcemap-codec,1.5.5,transitive,pnpm-lock.yaml,
npm,@napi-rs/lzma-linux-x64-gnu,1.5.1,transitive,pnpm-lock.yaml,
npm,@rollup/rollup-android-arm-eabi,4.63.1,transitive,pnpm-lock.yaml,
npm,@rollup/rollup-android-arm64,4.63.1,transitive,pnpm-lock.yaml,
npm,@rollup/rollup-darwin-arm64,4.63.1,transitive,pnpm-lock.yaml,
npm,@rollup/rollup-darwin-x64,4.63.1,transitive,pnpm-lock.yaml,
npm,@rollup/rollup-freebsd-arm64,4.63.1,transitive,pnpm-lock.yaml,
npm,@rollup/rollup-freebsd-x64,4.63.1,transitive,pnpm-lock.yaml,
npm,@rollup/rollup-linux-arm-gnueabihf,4.63.1,transitive,pnpm-lock.yaml,
npm,@rollup/rollup-linux-arm-musleabihf,4.63.1,transitive,pnpm-lock.yaml,
npm,@rollup/rollup-linux-arm64-gnu,4.63.1,transitive,pnpm-lock.yaml,
npm,@rollup/rollup-linux-arm64-musl,4.63.1,transitive,pnpm-lock.yaml,
npm,@rollup/rollup-linux-loong64-gnu,4.63.1,transitive,pnpm-lock.yaml,
npm,@rollup/rollup-linux-loong64-musl,4.63.1,transitive,pnpm-lock.yaml,
npm,@rollup/rollup-linux-ppc64-gnu,4.63.1,transitive,pnpm-lock.yaml,
npm,@rollup/rollup-linux-ppc64-musl,4.63.1,transitive,pnpm-lock.yaml,
npm,@rollup/rollup-linux-riscv64-gnu,4.63.1,transitive,pnpm-lock.yaml,
npm,@rollup/rollup-linux-riscv64-musl,4.63.1,transitive,pnpm-lock.yaml,
npm,@rollup/rollup-linux-s390x-gnu,4.63.1,transitive,pnpm-lock.yaml,
npm,@rollup/rollup-linux-x64-gnu,4.63.1,transitive,pnpm-lock.yaml,
npm,@rollup/rollup-linux-x64-musl,4.63.1,transitive,pnpm-lock.yaml,
npm,@rollup/rollup-openbsd-x64,4.63.1,transitive,pnpm-lock.yaml,
npm,@rollup/rollup-openharmony-arm64,4.63.1,transitive,pnpm-lock.yaml,
npm,@rollup/rollup-win32-arm64-msvc,4.63.1,transitive,pnpm-lock.yaml,
npm,@rollup/rollup-win32-ia32-msvc,4.63.1,transitive,pnpm-lock.yaml,
npm,@rollup/rollup-win32-x64-gnu,4.63.1,transitive,pnpm-lock.yaml,
npm,@rollup/rollup-win32-x64-msvc,4.63.1,transitive,pnpm-lock.yaml,
npm,@tauri-apps/api,2.10.1,runtime,pnpm-lock.yaml,
npm,@tauri-apps/api,2.11.0,runtime,pnpm-lock.yaml,
npm,@tauri-apps/cli,2.11.1,build,pnpm-lock.yaml,
npm,@tauri-apps/cli-darwin-arm64,2.11.1,transitive,pnpm-lock.yaml,
npm,@tauri-apps/cli-darwin-x64,2.11.1,transitive,pnpm-lock.yaml,
npm,@tauri-apps/cli-linux-arm-gnueabihf,2.11.1,transitive,pnpm-lock.yaml,
npm,@tauri-apps/cli-linux-arm64-gnu,2.11.1,transitive,pnpm-lock.yaml,
npm,@tauri-apps/cli-linux-arm64-musl,2.11.1,transitive,pnpm-lock.yaml,
npm,@tauri-apps/cli-linux-riscv64-gnu,2.11.1,transitive,pnpm-lock.yaml,
npm,@tauri-apps/cli-linux-x64-gnu,2.11.1,transitive,pnpm-lock.yaml,
npm,@tauri-apps/cli-linux-x64-musl,2.11.1,transitive,pnpm-lock.yaml,
npm,@tauri-apps/cli-win32-arm64-msvc,2.11.1,transitive,pnpm-lock.yaml,
npm,@tauri-apps/cli-win32-ia32-msvc,2.11.1,transitive,pnpm-lock.yaml,
npm,@tauri-apps/cli-win32-x64-msvc,2.11.1,transitive,pnpm-lock.yaml,
npm,@tauri-apps/plugin-dialog,2.7.0,runtime,pnpm-lock.yaml,
npm,@tauri-apps/plugin-opener,2.5.3,runtime,pnpm-lock.yaml,
npm,@types/estree,1.0.9,transitive,pnpm-lock.yaml,
npm,@vitejs/plugin-vue,5.2.4,build,pnpm-lock.yaml,
npm,@volar/language-core,2.4.15,transitive,pnpm-lock.yaml,
npm,@volar/source-map,2.4.15,transitive,pnpm-lock.yaml,
npm,@volar/typescript,2.4.15,transitive,pnpm-lock.yaml,
npm,@vue/compiler-core,3.5.32,transitive,pnpm-lock.yaml,
npm,@vue/compiler-dom,3.5.32,transitive,pnpm-lock.yaml,
npm,@vue/compiler-sfc,3.5.32,transitive,pnpm-lock.yaml,
npm,@vue/compiler-ssr,3.5.32,transitive,pnpm-lock.yaml,
npm,@vue/compiler-vue2,2.7.16,transitive,pnpm-lock.yaml,
npm,@vue/language-core,2.2.12,transitive,pnpm-lock.yaml,
npm,@vue/reactivity,3.5.32,transitive,pnpm-lock.yaml,
npm,@vue/runtime-core,3.5.32,transitive,pnpm-lock.yaml,
npm,@vue/runtime-dom,3.5.32,transitive,pnpm-lock.yaml,
npm,@vue/server-renderer,3.5.32,transitive,pnpm-lock.yaml,
npm,@vue/shared,3.5.32,transitive,pnpm-lock.yaml,
npm,alien-signals,1.0.13,transitive,pnpm-lock.yaml,
npm,balanced-match,1.0.2,transitive,pnpm-lock.yaml,
npm,brace-expansion,2.1.7,transitive,pnpm-lock.yaml,
npm,csstype,3.2.3,transitive,pnpm-lock.yaml,
npm,de-indent,1.0.2,transitive,pnpm-lock.yaml,
npm,entities,7.0.1,transitive,pnpm-lock.yaml,
npm,esbuild,0.25.12,transitive,pnpm-lock.yaml,
npm,estree-walker,2.0.2,transitive,pnpm-lock.yaml,
npm,fdir,6.5.0,transitive,pnpm-lock.yaml,
npm,fsevents,2.3.3,transitive,pnpm-lock.yaml,
npm,he,1.2.0,transitive,pnpm-lock.yaml,
npm,magic-string,0.30.21,transitive,pnpm-lock.yaml,
npm,minimatch,9.0.9,transitive,pnpm-lock.yaml,
npm,muggle-string,0.4.1,transitive,pnpm-lock.yaml,
npm,nanoid,3.3.18,transitive,pnpm-lock.yaml,
npm,path-browserify,1.0.1,transitive,pnpm-lock.yaml,
npm,picocolors,1.1.1,transitive,pnpm-lock.yaml,
npm,picomatch,4.0.7,transitive,pnpm-lock.yaml,
npm,postcss,8.5.28,transitive,pnpm-lock.yaml,
npm,rollup,4.63.1,transitive,pnpm-lock.yaml,
npm,source-map-js,1.2.1,transitive,pnpm-lock.yaml,
npm,tinyglobby,0.2.17,transitive,pnpm-lock.yaml,
npm,typescript,5.6.3,build,pnpm-lock.yaml,
npm,vite,6.4.3,build,pnpm-lock.yaml,
npm,vscode-uri,3.1.0,transitive,pnpm-lock.yaml,
npm,vue,3.5.32,runtime,pnpm-lock.yaml,
npm,vue-tsc,2.2.12,build,pnpm-lock.yaml,
